-- --------------------------------------------------------
-- Host:                         127.0.0.1
-- Server Version:               5.7.21-log - MySQL Community Server (GPL)
-- Server Betriebssystem:        Win64
-- HeidiSQL Version:             9.5.0.5196
-- --------------------------------------------------------

/*!40101 SET @OLD_CHARACTER_SET_CLIENT=@@CHARACTER_SET_CLIENT */;
/*!40101 SET NAMES utf8 */;
/*!50503 SET NAMES utf8mb4 */;
/*!40014 SET @OLD_FOREIGN_KEY_CHECKS=@@FOREIGN_KEY_CHECKS, FOREIGN_KEY_CHECKS=0 */;
/*!40101 SET @OLD_SQL_MODE=@@SQL_MODE, SQL_MODE='NO_AUTO_VALUE_ON_ZERO' */;

-- Exportiere Struktur von Tabelle bloqq_1504.bloqq_post
CREATE TABLE IF NOT EXISTS `bloqq_post` (
  `id` int(11) NOT NULL AUTO_INCREMENT,
  `titel` varchar(255) DEFAULT NULL,
  `create_date` datetime DEFAULT NULL,
  `updated` datetime DEFAULT NULL,
  `content` mediumtext,
  `user_id` int(11) NOT NULL,
  PRIMARY KEY (`id`),
  UNIQUE KEY `BloqqPost_id_uindex` (`id`),
  KEY `FK_bloqq_post_user` (`user_id`),
  CONSTRAINT `FK_bloqq_post_user` FOREIGN KEY (`user_id`) REFERENCES `user` (`id`)
) ENGINE=InnoDB AUTO_INCREMENT=11 DEFAULT CHARSET=latin1;

-- Exportiere Daten aus Tabelle bloqq_1504.bloqq_post: ~2 rows (ungefähr)
/*!40000 ALTER TABLE `bloqq_post` DISABLE KEYS */;
INSERT INTO `bloqq_post` (`id`, `titel`, `create_date`, `updated`, `content`, `user_id`) VALUES
	(1, 'Lorem ipsum', '2018-02-19 09:01:25', '2018-02-21 09:01:35', 'Auch gibt es niemanden, der den Schmerz an sich liebt, sucht oder wünscht, nur, weil er Schmerz ist, es sei denn, es kommt zu zufälligen Umständen, in denen Mühen und Schmerz ihm große Freude bereiten können. Um ein triviales Beispiel zu nehmen, wer von uns unterzieht sich je anstrengender körperlicher Betätigung, außer um Vorteile daraus zu ziehen? Aber wer hat irgend ein Recht, einen Menschen zu tadeln, der die Entscheidung trifft, eine Freude zu genießen, die keine unangenehmen Folgen hat, oder einen, der Schmerz vermeidet, welcher keine daraus resultierende Freude nach sich zieht? Auch gibt es niemanden, der den Schmerz an sich liebt, sucht oder wünscht, nur, weil er Schmerz ist, es sei denn, es kommt zu zufälligen Umständen, in denen Mühen und Schmerz ihm große Freude bereiten können. Um ein triviales Beispiel zu nehmen, wer von uns unterzieht sich je anstrengender körperlicher Betätigung, außer um Vorteile daraus zu ziehen? Aber wer hat irgend ein Recht, einen Menschen zu tadeln, der die Entscheidung trifft, eine Freude zu genießen, die keine unangenehmen Folgen hat, oder einen, der Schmerz vermeidet, welcher keine daraus resultierende Freude nach sich zieht? Auch gibt es niemanden, der den Schmerz an sich liebt, sucht oder wünscht, nur, weil er Schmerz ist, es sei denn, es kommt zu zufälligen Umständen, in denen Mühen und Schmerz ihm große Freude bereiten können. Um ein triviales Beispiel zu nehmen, wer von uns unterzieht sich je anstrengender körperlicher Betätigung, außer um Vorteile daraus zu ziehen? Aber wer hat irgend ein Recht, einen Menschen zu tadeln, der die Entscheidung trifft, eine Freude zu genießen, die keine unangenehmen Folgen hat, oder einen, der Schmerz vermeidet, welcher keine daraus resultierende Freude nach sich zieht? Auch gibt es niemanden, der den Schmerz an sich liebt, sucht oder wünscht, nur, weil er Schmerz ist, es sei denn, es kommt zu zufälligen Umständen, in denen Mühen und Schmerz ihm große Freude bereiten können. Um ein triviales Beispiel zu nehmen, wer von uns unterzieht sich je anstrengender körperlicher Betätigung, außer um Vorteile daraus zu ziehen? Aber wer hat irgend ein Recht, einen Menschen zu tadeln, der die Entscheidung trifft, eine Freude zu genießen, die keine unangenehmen Folgen hat, oder einen, der Schmerz vermeidet, welcher keine daraus resultierende Freude nach sich zieht? Auch gibt es niemanden, der den Schmerz an sich liebt, sucht oder wünscht, nur, weil er Schmerz ist, es sei denn, es kommt zu zufälligen Umständen, in denen Mühen und Schmerz ihm große Freude bereiten können. Um ein triviales Beispiel zu nehmen, wer von uns unterzieht sich je anstrengender körperlicher Betätigung, außer um Vorteile daraus zu ziehen? Aber wer hat irgend ein Recht, einen Menschen zu tadeln, der die Entscheidung trifft, eine Freude zu genießen, die keine unangenehmen Folgen hat, oder einen, der Schmerz vermeidet, welcher keine daraus resultierende Freude nach sich zieht? Auch gibt es niemanden, der den Schmerz an sich liebt, sucht oder wünscht, nur, weil er Schmerz ist, es sei denn, es kommt zu zufälligen Umständen, in denen Mühen und Schmerz ihm große Freude bereiten können. Um ein triviales Beispiel zu nehmen, wer von uns unterzieht sich je anstrengender körperlicher Betätigung, außer um Vorteile daraus zu ziehen? Aber wer hat irgend ein Recht, einen Menschen zu tadeln, der die Entscheidung trifft, eine Freude zu genießen, die keine unangenehmen Folgen hat, oder einen, der Schmerz vermeidet, welcher keine daraus resultierende Freude nach sich zieht? ', 22),
	(2, 'Hab eine Kurzgeschichte geschrieben!', '2018-03-14 11:27:04', '2018-03-14 11:27:08', 'Weit hinten, hinter den Wortbergen, fern der Länder Vokalien und Konsonantien leben die Blindtexte. Abgeschieden wohnen sie in Buchstabhausen an der Küste des Semantik, eines großen Sprachozeans. Ein kleines Bächlein namens Duden fließt durch ihren Ort und versorgt sie mit den nötigen Regelialien. Es ist ein paradiesmatisches Land, in dem einem gebratene Satzteile in den Mund fliegen. Nicht einmal von der allmächtigen Interpunktion werden die Blindtexte beherrscht – ein geradezu unorthographisches Leben. Eines Tages aber beschloß eine kleine Zeile Blindtext, ihr Name war Lorem Ipsum, hinaus zu gehen in die weite Grammatik. Der große Oxmox riet ihr davon ab, da es dort wimmele von bösen Kommata, wilden Fragezeichen und hinterhältigen Semikoli, doch das Blindtextchen ließ sich nicht beirren. Es packte seine sieben Versalien, schob sich sein Initial in den Gürtel und machte sich auf den Weg. Als es die ersten Hügel des Kursivgebirges erklommen hatte, warf es einen letzten Blick zurück auf die Skyline seiner Heimatstadt Buchstabhausen, die Headline von Alphabetdorf und die Subline seiner eigenen Straße, der Zeilengasse. Wehmütig lief ihm eine rhetorische Frage über die Wange, dann setzte es seinen Weg fort. Unterwegs traf es eine Copy. Die Copy warnte das Blindtextchen, da, wo sie herkäme wäre sie zigmal umgeschrieben worden und alles, was von ihrem Ursprung noch übrig wäre, sei das Wort "und" und das Blindtextchen solle umkehren und wieder in sein eigenes, sicheres Land zurückkehren. Doch alles Gutzureden konnte es nicht überzeugen und so dauerte es nicht lange, bis ihm ein paar heimtückische Werbetexter auflauerten, es mit Longe und Parole betrunken machten und es dann in ihre Agentur schleppten, wo sie es für ihre Projekte wieder und wieder mißbrauchten. Und wenn es nicht umgeschrieben wurde, dann benutzen Sie es immernoch. Weit hinten, hinter den Wortbergen, fern der Länder Vokalien und Konsonantien leben die Blindtexte. Abgeschieden wohnen sie in Buchstabhausen an der Küste des Semantik, eines großen Sprachozeans. Ein kleines Bächlein namens Duden fließt durch ihren Ort und versorgt sie mit den nötigen Regelialien. Es ist ein paradiesmatisches Land, in dem einem gebratene Satzteile in den Mund fliegen. Nicht einmal von der allmächtigen Interpunktion werden die Blindtexte beherrscht – ein geradezu unorthographisches Leben. Eines Tages aber beschloß eine kleine Zeile Blindtext, ihr Name war Lorem Ipsum, hinaus zu gehen in die weite Grammatik. Der große Oxmox riet ihr davon ab, da es dort wimmele von bösen Kommata, wilden Fragezeichen und hinterhältigen Semikoli, doch das Blindtextchen ließ sich nicht beirren. Es packte seine sieben Versalien, schob sich sein Initial in den Gürtel und machte sich auf den Weg. Als es die ersten Hügel des Kursivgebirges erklommen hatte, warf es einen letzten Blick zurück auf die Skyline seiner Heimatstadt Buchstabhausen, die Headline von Alphabetdorf und die Subline seiner eigenen Straße, der Zeilengasse. Wehmütig lief ihm eine rhetorische Frage über die Wange, dann setzte es seinen Weg fort. ', 22),
	(4, 'Was mir heute passiert ist werdet ihr nie glauben!!', '2018-04-18 13:58:51', NULL, '<p>Zwei flinke Boxer jagen die quirlige Eva und ihren Mops durch Sylt. Franz jagt im komplett verwahrlosten Taxi quer durch Bayern. Zw&ouml;lf Boxk&auml;mpfer jagen Viktor quer &uuml;ber den gro&szlig;en Sylter Deich. Vogel Quax zwickt Johnys Pferd Bim. Sylvia wagt quick den Jux bei Pforzheim. Polyfon zwitschernd a&szlig;en M&auml;xchens V&ouml;gel R&uuml;ben, Joghurt und Quark. "Fix, Schwyz!" qu&auml;kt J&uuml;rgen bl&ouml;d vom Pa&szlig;. Victor jagt zw&ouml;lf Boxk&auml;mpfer quer &uuml;ber den gro&szlig;en Sylter Deich. Falsches &Uuml;ben von Xylophonmusik qu&auml;lt jeden gr&ouml;&szlig;eren Zwerg. Heiz&ouml;lr&uuml;cksto&szlig;abd&auml;mpfung. Zwei flinke Boxer jagen die quirlige Eva und ihren Mops durch Sylt. Franz jagt im komplett verwahrlosten Taxi quer durch Bayern. Zw&ouml;lf Boxk&auml;mpfer jagen Viktor quer &uuml;ber den gro&szlig;en Sylter Deich. Vogel Quax zwickt Johnys Pferd Bim. Sylvia wagt quick den Jux bei Pforzheim. Polyfon zwitschernd a&szlig;en M&auml;xchens V&ouml;gel R&uuml;ben, Joghurt und Quark.</p>', 39),
	(5, 'Beim Fussball letztens :D :D', '2018-04-18 14:13:01', NULL, '<p>Es gibt im Moment in diese Mannschaft, oh, einige Spieler vergessen ihnen Profi was sie sind. Ich lese nicht sehr viele Zeitungen, aber ich habe geh&ouml;rt viele Situationen. Erstens: wir haben nicht offensiv gespielt. Es gibt keine deutsche Mannschaft spielt offensiv und die Name offensiv wie Bayern. Letzte Spiel hatten wir in Platz drei Spitzen: Elber, Jancka und dann Zickler. Wir m&uuml;ssen nicht vergessen Zickler. Zickler ist eine Spitzen mehr, Mehmet eh mehr Basler. Ist klar diese W&ouml;rter, ist m&ouml;glich verstehen, was ich hab gesagt? Danke. Offensiv, offensiv ist wie machen wir in Platz. Zweitens: ich habe erkl&auml;rt mit diese zwei Spieler: nach Dortmund brauchen vielleicht Halbzeit Pause. Ich habe auch andere Mannschaften gesehen in Europa nach diese Mittwoch. Ich habe gesehen auch zwei Tage die Training. Ein Trainer ist nicht ein Idiot! Ein Trainer sei sehen was passieren in Platz. In diese Spiel es waren zwei, drei diese Spieler waren schwach wie eine Flasche leer! Haben Sie gesehen Mittwoch, welche Mannschaft hat gespielt Mittwoch? Hat gespielt Mehmet oder gespielt Basler oder hat gespielt Trapattoni? Diese Spieler beklagen mehr als sie spielen! Wissen Sie, warum die Italienmannschaften kaufen nicht diese Spieler? Weil wir haben gesehen viele Male solche Spiel! Haben gesagt sind nicht Spieler f&uuml;r die italienisch Meisters! Strunz! Strunz ist zwei Jahre hier, hat gespielt 10 Spiele, ist immer verletzt! Was erlauben Strunz? Letzte Jahre Meister Geworden mit Hamann, eh, Nerlinger. Diese Spieler waren Spieler! Waren Meister geworden! Ist immer verletzt! Hat gespielt 25 Spiele in diese Mannschaft in diese Verein. Mu&szlig; respektieren die andere Kollegen! haben viel nette kollegen! Stellen Sie die Kollegen die Frage! Haben keine Mut an Worten, aber ich wei&szlig;, was denken &uuml;ber diese Spieler. Mussen zeigen jetzt, ich will, Samstag, diese Spieler m&uuml;ssen zeigen mich, seine Fans, m&uuml;ssen alleine die Spiel gewinnen. Mu&szlig; allein die Spiel gewinnen! Ich bin m&uuml;de jetzt Vater diese Spieler, eh der Verteidiger diese Spieler.&nbsp;</p>', 38),
	(7, 'Ein paar kranke Life-Hacks!', '2018-04-18 14:31:43', NULL, '<p>&Uuml;berall dieselbe alte Leier. Das Layout ist fertig, der Text l&auml;sst auf sich warten. Damit das Layout nun nicht nackt im Raume steht und sich klein und leer vorkommt, springe ich ein: der Blindtext. Genau zu diesem Zwecke erschaffen, immer im Schatten meines gro&szlig;en Bruders &raquo;Lorem Ipsum&laquo;, freue ich mich jedes Mal, wenn Sie ein paar Zeilen lesen. Denn esse est percipi - Sein ist wahrgenommen werden. Und weil Sie nun schon die G&uuml;te haben, mich ein paar weitere S&auml;tze lang zu begleiten, m&ouml;chte ich diese Gelegenheit nutzen, Ihnen nicht nur als L&uuml;ckenf&uuml;ller zu dienen, sondern auf etwas hinzuweisen, das es ebenso verdient wahrgenommen zu werden: Webstandards n&auml;mlich. Sehen Sie, Webstandards sind das Regelwerk, auf dem Webseiten aufbauen. So gibt es Regeln f&uuml;r HTML, CSS, JavaScript oder auch XML; Worte, die Sie vielleicht schon einmal von Ihrem Entwickler geh&ouml;rt haben. Diese Standards sorgen daf&uuml;r, dass alle Beteiligten aus einer Webseite den gr&ouml;&szlig;ten Nutzen ziehen. Im Gegensatz zu fr&uuml;heren Webseiten m&uuml;ssen wir zum Beispiel nicht mehr zwei verschiedene Webseiten f&uuml;r den Internet Explorer und einen anderen Browser programmieren. Es reicht eine Seite, die - richtig angelegt - sowohl auf verschiedenen Browsern im Netz funktioniert, aber ebenso gut f&uuml;r den Ausdruck oder die Darstellung auf einem Handy geeignet ist. Wohlgemerkt: Eine Seite f&uuml;r alle Formate. Was f&uuml;r eine Erleichterung. Standards sparen Zeit bei den Entwicklungskosten und sorgen daf&uuml;r, dass sich Webseiten sp&auml;ter leichter pflegen lassen. Nat&uuml;rlich nur dann, wenn sich alle an diese Standards halten. Das gilt f&uuml;r Browser wie Firefox, Opera, Safari und den Internet Explorer ebenso wie f&uuml;r die Darstellung in Handys. Und was k&ouml;nnen Sie f&uuml;r Standards tun? Fordern Sie von Ihren Designern und Programmieren einfach standardkonforme Webseiten. Ihr Budget wird es Ihnen auf Dauer danken. Ebenso m&ouml;chte ich Ihnen daf&uuml;r danken, dass Sie mich bin zum Ende gelesen haben. Meine Mission ist erf&uuml;llt. Ich werde hier noch die Stellung halten, bis der geplante Text eintrifft. Ich w&uuml;nsche Ihnen noch einen sch&ouml;nen Tag. Und arbeiten Sie nicht zuviel! &Uuml;berall dieselbe alte Leier. Das Layout ist fertig, der Text l&auml;sst auf sich warten. Damit das Layout nun nicht nackt im Raume steht und sich klein und leer vorkommt, springe ich ein: der Blindtext. Genau zu diesem Zwecke erschaffen, immer im Schatten meines gro&szlig;en Bruders &raquo;Lorem Ipsum&laquo;, freue ich mich jedes Mal, wenn Sie ein paar Zeilen lesen. Denn esse est percipi - Sein ist wahrgenommen werden. Und weil Sie nun schon die G&uuml;te haben, mich ein paar weitere S&auml;tze lang zu begleiten, m&ouml;chte ich diese Gelegenheit nutzen, Ihnen nicht nur als L&uuml;ckenf&uuml;ller zu dienen, sondern auf etwas hinzuweisen, das es ebenso verdient wahrgenommen zu werden: Webstandards n&auml;mlich. Sehen Sie, Webstandards sind das Regelwerk, auf dem Webseiten aufbauen. So gibt es Regeln f&uuml;r HTML, CSS, JavaScript oder auch XML; Worte, die Sie vielleicht schon einmal von Ihrem Entwickler geh&ouml;rt haben. Diese Standards sorgen daf&uuml;r, dass alle Beteiligten aus einer Webseite den gr&ouml;&szlig;ten Nutzen ziehen. Im Gegensatz zu fr&uuml;heren Webseiten m&uuml;ssen wir zum Beispiel nicht mehr zwei verschiedene Webseiten f&uuml;r den Internet Explorer und einen anderen Browser programmieren.</p>', 41),
	(8, 'Das ist so traurig....', '2018-04-18 15:05:19', NULL, '<p>Dies ist ein Typoblindtext. An ihm kann man sehen, ob alle Buchstaben da sind und wie sie aussehen. Manchmal benutzt man Worte wie Hamburgefonts, Rafgenduks oder Handgloves, um Schriften zu testen. Manchmal S&auml;tze, die alle Buchstaben des Alphabets enthalten - man nennt diese S&auml;tze &raquo;Pangrams&laquo;. Sehr bekannt ist dieser: The quick brown fox jumps over the lazy old dog. Oft werden in Typoblindtexte auch fremdsprachige Satzteile eingebaut (AVAIL&reg; and Wefox&trade; are testing aussi la Kerning), um die Wirkung in anderen Sprachen zu testen. In Lateinisch sieht zum Beispiel fast jede Schrift gut aus. Quod erat demonstrandum. Seit 1975 fehlen in den meisten Testtexten die Zahlen, weswegen nach TypoGb. 204 &sect; ab dem Jahr 2034 Zahlen in 86 der Texte zur Pflicht werden. Nichteinhaltung wird mit bis zu 245 &euro; oder 368 $ bestraft. Genauso wichtig in sind mittlerweile auch &Acirc;&ccedil;c&egrave;&ntilde;t&euml;, die in neueren Schriften aber fast immer enthalten sind. Ein wichtiges aber schwierig zu integrierendes Feld sind OpenType-Funktionalit&auml;ten. Je nach Software und Voreinstellungen k&ouml;nnen eingebaute Kapit&auml;lchen, Kerning oder Ligaturen (sehr pfiffig) nicht richtig dargestellt werden. Dies ist ein Typoblindtext. An ihm kann man sehen, ob alle Buchstaben da sind und wie sie aussehen. Manchmal benutzt man Worte wie Hamburgefonts, Rafgenduks oder Handgloves, um Schriften zu testen. Manchmal S&auml;tze, die alle Buchstaben des Alphabets enthalten - man nennt diese S&auml;tze &raquo;Pangrams&laquo;. Sehr bekannt ist dieser: The quick brown fox jumps over the lazy old dog. Oft werden in Typoblindtexte auch fremdsprachige Satzteile eingebaut (AVAIL&reg; and Wefox&trade; are testing aussi la Kerning), um die Wirkung in anderen Sprachen zu testen. In Lateinisch sieht zum Beispiel fast jede Schrift gut aus. Quod erat demonstrandum. Seit 1975 fehlen in den meisten Testtexten die Zahlen, weswegen nach TypoGb. 204 &sect; ab dem Jahr 2034 Zahlen in 86 der Texte zur Pflicht werden. Nichteinhaltung wird mit bis zu 245 &euro; oder 368 $ bestraft. Genauso wichtig in sind mittlerweile auch &Acirc;&ccedil;c&egrave;&ntilde;t&euml;, die in neueren Schriften aber fast immer enthalten sind. Ein wichtiges aber schwierig zu integrierendes Feld sind OpenType-Funktionalit&auml;ten. Je nach Software und Voreinstellungen k&ouml;nnen eingebaute Kapit&auml;lchen, Kerning oder Ligaturen (sehr pfiffig) nicht richtig dargestellt werden.&nbsp;</p>', 39),
	(9, 'Bitte liked mein Instagram für mehr!', '2018-04-18 15:06:31', NULL, '<p>Er h&ouml;rte leise Schritte hinter sich. Das bedeutete nichts Gutes. Wer w&uuml;rde ihm schon folgen, sp&auml;t in der Nacht und dazu noch in dieser engen Gasse mitten im &uuml;bel beleumundeten Hafenviertel? Gerade jetzt, wo er das Ding seines Lebens gedreht hatte und mit der Beute verschwinden wollte! Hatte einer seiner zahllosen Kollegen dieselbe Idee gehabt, ihn beobachtet und abgewartet, um ihn nun um die Fr&uuml;chte seiner Arbeit zu erleichtern? Oder geh&ouml;rten die Schritte hinter ihm zu einem der unz&auml;hligen Gesetzesh&uuml;ter dieser Stadt, und die st&auml;hlerne Acht um seine Handgelenke w&uuml;rde gleich zuschnappen? Er konnte die Aufforderung stehen zu bleiben schon h&ouml;ren. Gehetzt sah er sich um. Pl&ouml;tzlich erblickte er den schmalen Durchgang. Blitzartig drehte er sich nach rechts und verschwand zwischen den beiden Geb&auml;uden. Beinahe w&auml;re er dabei &uuml;ber den umgest&uuml;rzten M&uuml;lleimer gefallen, der mitten im Weg lag. Er versuchte, sich in der Dunkelheit seinen Weg zu ertasten und erstarrte: Anscheinend gab es keinen anderen Ausweg aus diesem kleinen Hof als den Durchgang, durch den er gekommen war. Die Schritte wurden lauter und lauter, er sah eine dunkle Gestalt um die Ecke biegen. Fieberhaft irrten seine Augen durch die n&auml;chtliche Dunkelheit und suchten einen Ausweg. War jetzt wirklich alles vorbei, waren alle M&uuml;he und alle Vorbereitungen umsonst? Er presste sich ganz eng an die Wand hinter ihm und hoffte, der Verfolger w&uuml;rde ihn &uuml;bersehen, als pl&ouml;tzlich neben ihm mit kaum wahrnehmbarem Quietschen eine T&uuml;r im n&auml;chtlichen Wind hin und her schwang. K&ouml;nnte dieses der flehentlich herbeigesehnte Ausweg aus seinem Dilemma sein? Langsam bewegte er sich auf die offene T&uuml;r zu, immer dicht an die Mauer gepresst. W&uuml;rde diese T&uuml;r seine Rettung werden? Er h&ouml;rte leise Schritte hinter sich. Das bedeutete nichts Gutes. Wer w&uuml;rde ihm schon folgen, sp&auml;t in der Nacht und dazu noch in dieser engen Gasse mitten im &uuml;bel beleumundeten Hafenviertel? Gerade jetzt, wo er das Ding seines Lebens gedreht hatte und mit der Beute verschwinden wollte! Hatte einer seiner zahllosen Kollegen dieselbe Idee gehabt, ihn beobachtet und abgewartet, um ihn nun um die Fr&uuml;chte seiner Arbeit zu erleichtern?&nbsp;</p>', 39),
	(10, 'Dieser Text hat mich wirklich mitgenommen', '2018-04-18 15:07:17', NULL, '<p>Eine wunderbare Heiterkeit hat meine ganze Seele eingenommen, gleich den s&uuml;&szlig;en Fr&uuml;hlingsmorgen, die ich mit ganzem Herzen genie&szlig;e. Ich bin allein und freue mich meines Lebens in dieser Gegend, die f&uuml;r solche Seelen geschaffen ist wie die meine. Ich bin so gl&uuml;cklich, mein Bester, so ganz in dem Gef&uuml;hle von ruhigem Dasein versunken, da&szlig; meine Kunst darunter leidet. Ich k&ouml;nnte jetzt nicht zeichnen, nicht einen Strich, und bin nie ein gr&ouml;&szlig;erer Maler gewesen als in diesen Augenblicken. Wenn das liebe Tal um mich dampft, und die hohe Sonne an der Oberfl&auml;che der undurchdringlichen Finsternis meines Waldes ruht, und nur einzelne Strahlen sich in das innere Heiligtum stehlen, ich dann im hohen Grase am fallenden Bache liege, und n&auml;her an der Erde tausend mannigfaltige Gr&auml;schen mir merkw&uuml;rdig werden; wenn ich das Wimmeln der kleinen Welt zwischen Halmen, die unz&auml;hligen, unergr&uuml;ndlichen Gestalten der W&uuml;rmchen, der M&uuml;ckchen n&auml;her an meinem Herzen f&uuml;hle, und f&uuml;hle die Gegenwart des Allm&auml;chtigen, der uns nach seinem Bilde schuf, das Wehen des Alliebenden, der uns in ewiger Wonne schwebend tr&auml;gt und erh&auml;lt; mein Freund! Wenn\'s dann um meine Augen d&auml;mmert, und die Welt um mich her und der Himmel ganz in meiner Seele ruhn wie die Gestalt einer Geliebten - dann sehne ich mich oft und denke : ach k&ouml;nntest du das wieder ausdr&uuml;cken, k&ouml;nntest du dem Papiere das einhauchen, was so voll, so warm in dir lebt, da&szlig; es w&uuml;rde der Spiegel deiner Seele, wie deine Seele ist der Spiegel des unendlichen Gottes! - mein Freund - aber ich gehe dar&uuml;ber zugrunde, ich erliege unter der Gewalt der Herrlichkeit dieser Erscheinungen. Eine wunderbare Heiterkeit hat meine ganze Seele eingenommen, gleich den s&uuml;&szlig;en Fr&uuml;hlingsmorgen, die ich mit ganzem Herzen genie&szlig;e.</p>', 39);
/*!40000 ALTER TABLE `bloqq_post` ENABLE KEYS */;

-- Exportiere Struktur von Tabelle bloqq_1504.kommentar
CREATE TABLE IF NOT EXISTS `kommentar` (
  `id` int(11) NOT NULL AUTO_INCREMENT,
  `kommentar_text` mediumtext,
  `user_id` int(11) DEFAULT NULL,
  `creation_date` datetime DEFAULT NULL,
  `bloqq_post_id` int(11) DEFAULT NULL,
  PRIMARY KEY (`id`),
  KEY `kommentar_user_id_fk` (`user_id`),
  KEY `kommentar_bloqq_post_id_fk` (`bloqq_post_id`),
  CONSTRAINT `kommentar_bloqq_post_id_fk` FOREIGN KEY (`bloqq_post_id`) REFERENCES `bloqq_post` (`id`),
  CONSTRAINT `kommentar_user_id_fk` FOREIGN KEY (`user_id`) REFERENCES `user` (`id`)
) ENGINE=InnoDB AUTO_INCREMENT=25 DEFAULT CHARSET=latin1;

-- Exportiere Daten aus Tabelle bloqq_1504.kommentar: ~0 rows (ungefähr)
/*!40000 ALTER TABLE `kommentar` DISABLE KEYS */;
INSERT INTO `kommentar` (`id`, `kommentar_text`, `user_id`, `creation_date`, `bloqq_post_id`) VALUES
	(1, '<p>Guter read, musste weinen!</p>', -1, '2018-04-18 13:03:03', 1),
	(2, '<p>Sehr sch&ouml;n!</p>', 39, '2018-04-18 13:56:51', 2),
	(3, '<p>Hmm hab schon besseres gelesen</p>', 39, '2018-04-18 13:57:43', 1),
	(4, '<p>Klingt wirklich unglaubw&uuml;rdig&nbsp;<a style="color: #660099; cursor: pointer; text-decoration-line: none;" href="https://emojipedia.org/thinking-face/">??</a></p>', -1, '2018-04-18 14:09:24', 4),
	(5, '<p>xDDDDDDDD jajaajajaja</p>', 40, '2018-04-18 14:10:04', 4),
	(6, '<p>h&auml;h&auml;h&auml;h&auml; bl&ouml;d</p>', 40, '2018-04-18 14:10:41', 1),
	(7, '<p>u mad???</p>', 40, '2018-04-18 14:11:03', 2),
	(8, '<p>ich bin 12 und was ist das?</p>', 38, '2018-04-18 14:11:46', 4),
	(9, '<p>verstehe ich nicht</p>', 38, '2018-04-18 14:12:05', 1),
	(10, '<p>Bitte seid nicht zu gemein ich bin erst zw&ouml;lf</p>', 38, '2018-04-18 14:13:46', 5),
	(11, '<p>und das ist mein erster bloqq &uuml;brigends</p>', 38, '2018-04-18 14:14:02', 5),
	(12, '<p>richtig schlecht...</p>', 41, '2018-04-18 14:14:36', 5),
	(13, '<p>Lustige Geschichte, ist mir letzten Sommer so &auml;hnlich passiert^^</p>', 41, '2018-04-18 14:15:14', 2),
	(14, '<p>Das glaube ich nicht..</p>', 41, '2018-04-18 14:15:49', 4),
	(15, '<p>Du &uuml;bertreibst</p>', 38, '2018-04-18 15:08:54', 10),
	(16, '<p>lol</p>', 40, '2018-04-18 15:10:16', 10),
	(17, '<p>reported</p>', 40, '2018-04-18 15:10:35', 9),
	(18, '<p>Nicht wirklich bloqqworthy</p>', 41, '2018-04-18 15:10:57', 10),
	(19, '<p>reported</p>', 41, '2018-04-18 15:11:19', 9),
	(20, '<p>Schon in Ordnung..</p>', 41, '2018-04-18 15:11:38', 8),
	(21, '<p>Hat mich nicht so mitgenommen</p>', 22, '2018-04-18 15:12:46', 10),
	(22, '<p>reported</p>', 22, '2018-04-18 15:13:01', 9),
	(23, '<p>Sehr ansprechender Text, hast dir doch sicher richtig M&uuml;he gegeben!</p>', 22, '2018-04-18 15:13:37', 8),
	(24, '<p>Wieso seid ihr alle so gemein?? Es gibt doch gar keine report-Funktion :(</p>', 39, '2018-04-18 15:15:04', 9);
/*!40000 ALTER TABLE `kommentar` ENABLE KEYS */;

-- Exportiere Struktur von Tabelle bloqq_1504.tags
CREATE TABLE IF NOT EXISTS `tags` (
  `id` int(11) NOT NULL AUTO_INCREMENT,
  `tag` varchar(255) DEFAULT NULL,
  `id_kommentar` int(11) DEFAULT NULL,
  `id_bloqq_post` int(11) DEFAULT NULL,
  PRIMARY KEY (`id`),
  UNIQUE KEY `tags_id_uindex` (`id`),
  KEY `tags_kommentar_id_fk` (`id_kommentar`),
  KEY `tags_bloqq_post_id_fk` (`id_bloqq_post`),
  CONSTRAINT `tags_bloqq_post_id_fk` FOREIGN KEY (`id_bloqq_post`) REFERENCES `bloqq_post` (`id`),
  CONSTRAINT `tags_kommentar_id_fk` FOREIGN KEY (`id_kommentar`) REFERENCES `kommentar` (`id`)
) ENGINE=InnoDB DEFAULT CHARSET=latin1;

-- Exportiere Daten aus Tabelle bloqq_1504.tags: ~0 rows (ungefähr)
/*!40000 ALTER TABLE `tags` DISABLE KEYS */;
/*!40000 ALTER TABLE `tags` ENABLE KEYS */;

-- Exportiere Struktur von Tabelle bloqq_1504.user
CREATE TABLE IF NOT EXISTS `user` (
  `id` int(11) NOT NULL AUTO_INCREMENT,
  `user_name` varchar(255) NOT NULL,
  `password` varchar(255) NOT NULL,
  `creation_date` datetime DEFAULT NULL,
  `picture` blob,
  `enabled` tinyint(1) NOT NULL DEFAULT '1',
  PRIMARY KEY (`id`),
  UNIQUE KEY `table_name_userName_uindex` (`user_name`)
) ENGINE=InnoDB AUTO_INCREMENT=42 DEFAULT CHARSET=latin1;

-- Exportiere Daten aus Tabelle bloqq_1504.user: ~3 rows (ungefähr)
/*!40000 ALTER TABLE `user` DISABLE KEYS */;
INSERT INTO `user` (`id`, `user_name`, `password`, `creation_date`, `picture`, `enabled`) VALUES
	(-1, 'Gast', 'test', '2018-04-18 12:51:12', NULL, 0),
	(22, 'fresher_dude69', 'test', '2018-03-19 16:54:22', _binary 0xEFBFBD002A002000440065006C0069006D0069007400650072002000650069006E00670065007300740065006C006C007400200061007500660020003B0020002A002F000D000A002F002A002000560065007200620069006E00640075006E00670020007A00750020003100320037002E0030002E0030002E0031002000EFBFBD0062006500720020004D007900530051004C00200028005400430050002F004900500029002C002000420065006E00750074007A00650072006E0061006D006500200072006F006F0074002C002000620065006E00750074007A0065002000500061007300730077006F00720074003A00200059006500730020002E002E002E0020002A002F000D000A00530045004C00450043005400200043004F004E004E0045004300540049004F004E005F0049004400280029003B000D000A002F002A002000560065007200620075006E00640065006E002E002000500072006F007A006500730073002D00490044003A00200032003300350020002A002F000D000A002F002A0020005A00650069006300680065006E007300610074007A003A00200075007400660038006D006200340020002A002F000D000A00530048004F00570020005300540041005400550053003B000D000A00530048004F00570020005600410052004900410042004C00450053003B000D000A00530048004F00570020004400410054004100420041005300450053003B000D000A002F002A00200041006B00740069007600690065007200650020005300690074007A0075006E0067002000220055006E006E0061006D0065006400220020002A002F000D000A005500530045002000600062006C006F007100710060003B000D000A00530045004C0045004300540020006000440045004600410055004C0054005F0043004F004C004C004100540049004F004E005F004E0041004D00450060002000460052004F004D002000600069006E0066006F0072006D006100740069006F006E005F0073006300680065006D00610060002E00600053004300480045004D0041005400410060002000570048004500520045002000600053004300480045004D0041005F004E0041004D00450060003D00270062006C006F007100710027003B000D000A00530048004F00570020005400410042004C00450020005300540041005400550053002000460052004F004D002000600062006C006F007100710060003B000D000A00530048004F0057002000460055004E004300540049004F004E002000530054004100540055005300200057004800450052004500200060004400620060003D00270062006C006F007100710027003B000D000A00530048004F0057002000500052004F004300450044005500520045002000530054004100540055005300200057004800450052004500200060004400620060003D00270062006C006F007100710027003B000D000A00530048004F0057002000540052004900470047004500520053002000460052004F004D002000600062006C006F007100710060003B000D000A00530045004C0045004300540020006000440045004600410055004C0054005F0043004F004C004C004100540049004F004E005F004E0041004D00450060002000460052004F004D002000600069006E0066006F0072006D006100740069006F006E005F0073006300680065006D00610060002E00600053004300480045004D0041005400410060002000570048004500520045002000600053004300480045004D0041005F004E0041004D00450060003D00270069006E0066006F0072006D006100740069006F006E005F0073006300680065006D00610027003B000D000A00530048004F00570020005400410042004C00450020005300540041005400550053002000460052004F004D002000600069006E0066006F0072006D006100740069006F006E005F0073006300680065006D00610060003B000D000A00530048004F0057002000460055004E004300540049004F004E002000530054004100540055005300200057004800450052004500200060004400620060003D00270069006E0066006F0072006D006100740069006F006E005F0073006300680065006D00610027003B000D000A00530048004F0057002000500052004F004300450044005500520045002000530054004100540055005300200057004800450052004500200060004400620060003D00270069006E0066006F0072006D006100740069006F006E005F0073006300680065006D00610027003B000D000A00530048004F0057002000540052004900470047004500520053002000460052004F004D002000600069006E0066006F0072006D006100740069006F006E005F0073006300680065006D00610060003B000D000A00530048004F00570020004500560045004E00540053002000460052004F004D002000600069006E0066006F0072006D006100740069006F006E005F0073006300680065006D00610060003B000D000A00530045004C0045004300540020002A002C0020004500560045004E0054005F0053004300480045004D004100200041005300200060004400620060002C0020004500560045004E0054005F004E0041004D004500200041005300200060004E0061006D00650060002000460052004F004D00200069006E0066006F0072006D006100740069006F006E005F0073006300680065006D0061002E0060004500560045004E00540053006000200057004800450052004500200060004500560045004E0054005F0053004300480045004D00410060003D00270062006C006F007100710027003B000D000A00530048004F005700200045004E00470049004E00450053003B000D000A00530048004F005700200043004F004C004C004100540049004F004E003B000D000A00530048004F00570020005600410052004900410042004C004500530020004C0049004B0045002000270063006F006C006C006100740069006F006E005F006400610074006100620061007300650027003B000D000A0043005200450041005400450020005400410042004C0045002000600075007300650072005F0072006F006C00650073006000200028000D000A000900600072006F006C006500600020004D0045004400490055004D00540045005800540020004E0055004C004C000D000A0029000D000A0043004F004C004C004100540045003D0027006C006100740069006E0031005F0073007700650064006900730068005F006300690027000D000A003B000D000A00530045004C0045004300540020006000440045004600410055004C0054005F0043004F004C004C004100540049004F004E005F004E0041004D00450060002000460052004F004D002000600069006E0066006F0072006D006100740069006F006E005F0073006300680065006D00610060002E00600053004300480045004D0041005400410060002000570048004500520045002000600053004300480045004D0041005F004E0041004D00450060003D00270062006C006F007100710027003B000D000A00530048004F00570020005400410042004C00450020005300540041005400550053002000460052004F004D002000600062006C006F007100710060003B000D000A00530048004F0057002000460055004E004300540049004F004E002000530054004100540055005300200057004800450052004500200060004400620060003D00270062006C006F007100710027003B000D000A00530048004F0057002000500052004F004300450044005500520045002000530054004100540055005300200057004800450052004500200060004400620060003D00270062006C006F007100710027003B000D000A00530048004F0057002000540052004900470047004500520053002000460052004F004D002000600062006C006F007100710060003B000D000A00530045004C0045004300540020002A002C0020004500560045004E0054005F0053004300480045004D004100200041005300200060004400620060002C0020004500560045004E0054005F004E0041004D004500200041005300200060004E0061006D00650060002000460052004F004D00200069006E0066006F0072006D006100740069006F006E005F0073006300680065006D0061002E0060004500560045004E00540053006000200057004800450052004500200060004500560045004E0054005F0053004300480045004D00410060003D00270062006C006F007100710027003B000D000A00530048004F005700200043005200450041005400450020005400410042004C0045002000600062006C006F007100710060002E00600075007300650072005F0072006F006C006500730060003B000D000A002F002A00200041006B00740069007600690065007200650020005300690074007A0075006E0067002000220055006E006E0061006D0065006400220020002A002F000D000A00530048004F005700200043005200450041005400450020005400410042004C0045002000600062006C006F007100710060002E00600075007300650072005F0072006F006C006500730060003B000D000A00530045004C00450043005400200031002000460052004F004D00200060007500730065007200600020004C0049004D0049005400200031003B000D000A00530048004F005700200043004F004C0055004D004E0053002000460052004F004D0020006000750073006500720060003B000D000A00530048004F005700200043005200450041005400450020005400410042004C0045002000600062006C006F007100710060002E006000750073006500720060003B000D000A0041004C0054004500520020005400410042004C0045002000600075007300650072005F0072006F006C006500730060000D000A000900410044004400200043004F004C0055004D004E002000600075007300650072005F00690064006000200049004E00540020004E0055004C004C002000440045004600410055004C0054002000270052004F004C0045005F00550053004500520027002000460049005200530054002C000D000A0009004300480041004E0047004500200043004F004C0055004D004E002000600072006F006C00650060002000600072006F006C006500600020004D0045004400490055004D00540045005800540020004E0055004C004C002000440045004600410055004C0054002000270052004F004C0045005F00550053004500520027002000410046005400450052002000600075007300650072005F006900640060002C000D000A000900410044004400200043004F004E00530054005200410049004E0054002000600075007300650072005F00690064006000200046004F0052004500490047004E0020004B004500590020002800600075007300650072005F00690064006000290020005200450046004500520045004E00430045005300200060007500730065007200600020002800600069006400600029003B000D000A002F002A002000530051004C0020004600650068006C006500720020002800310031003000310029003A00200042004C004F0042002C00200054004500580054002C002000470045004F004D00450054005200590020006F00720020004A0053004F004E00200063006F006C0075006D006E002000270072006F006C00650027002000630061006E002700740020006800610076006500200061002000640065006600610075006C0074002000760061006C007500650020002A002F000D000A0041004C0054004500520020005400410042004C0045002000600075007300650072005F0072006F006C006500730060000D000A000900410044004400200043004F004C0055004D004E002000600075007300650072005F00690064006000200049004E00540020004E0055004C004C002000460049005200530054002C000D000A0009004300480041004E0047004500200043004F004C0055004D004E002000600072006F006C00650060002000600072006F006C006500600020004D0045004400490055004D00540045005800540020004E0055004C004C002000440045004600410055004C0054002000270052004F004C0045005F00550053004500520027002000410046005400450052002000600075007300650072005F006900640060002C000D000A000900410044004400200043004F004E00530054005200410049004E0054002000600075007300650072005F00690064006000200046004F0052004500490047004E0020004B004500590020002800600075007300650072005F00690064006000290020005200450046004500520045004E00430045005300200060007500730065007200600020002800600069006400600029003B000D000A002F002A002000530051004C0020004600650068006C006500720020002800310031003000310029003A00200042004C004F0042002C00200054004500580054002C002000470045004F004D00450054005200590020006F00720020004A0053004F004E00200063006F006C0075006D006E002000270072006F006C00650027002000630061006E002700740020006800610076006500200061002000640065006600610075006C0074002000760061006C007500650020002A002F000D000A0041004C0054004500520020005400410042004C0045002000600075007300650072005F0072006F006C006500730060000D000A000900410044004400200043004F004C0055004D004E002000600075007300650072005F00690064006000200049004E00540020004E0055004C004C002000460049005200530054002C000D000A0009004300480041004E0047004500200043004F004C0055004D004E002000600072006F006C00650060002000600072006F006C006500600020004D0045004400490055004D00540045005800540020004E0055004C004C002000440045004600410055004C0054002000270052004F004C0045005F00550053004500520027002000410046005400450052002000600075007300650072005F006900640060002C000D000A000900410044004400200043004F004E00530054005200410049004E0054002000600075007300650072005F00690064006000200046004F0052004500490047004E0020004B004500590020002800600075007300650072005F00690064006000290020005200450046004500520045004E00430045005300200060007500730065007200600020002800600069006400600029003B000D000A002F002A002000530051004C0020004600650068006C006500720020002800310031003000310029003A00200042004C004F0042002C00200054004500580054002C002000470045004F004D00450054005200590020006F00720020004A0053004F004E00200063006F006C0075006D006E002000270072006F006C00650027002000630061006E002700740020006800610076006500200061002000640065006600610075006C0074002000760061006C007500650020002A002F000D000A0041004C0054004500520020005400410042004C0045002000600075007300650072005F0072006F006C006500730060000D000A000900410044004400200043004F004C0055004D004E002000600075007300650072005F00690064006000200049004E00540020004E0055004C004C002000460049005200530054002C000D000A0009004300480041004E0047004500200043004F004C0055004D004E002000600072006F006C00650060002000600072006F006C006500600020004D0045004400490055004D00540045005800540020004E004F00540020004E0055004C004C002000440045004600410055004C0054002000270052004F004C0045005F00550053004500520027002000410046005400450052002000600075007300650072005F006900640060002C000D000A000900410044004400200043004F004E00530054005200410049004E0054002000600075007300650072005F00690064006000200046004F0052004500490047004E0020004B004500590020002800600075007300650072005F00690064006000290020005200450046004500520045004E00430045005300200060007500730065007200600020002800600069006400600029003B000D000A002F002A002000530051004C0020004600650068006C006500720020002800310031003000310029003A00200042004C004F0042002C00200054004500580054002C002000470045004F004D00450054005200590020006F00720020004A0053004F004E00200063006F006C0075006D006E002000270072006F006C00650027002000630061006E002700740020006800610076006500200061002000640065006600610075006C0074002000760061006C007500650020002A002F000D000A0041004C0054004500520020005400410042004C0045002000600075007300650072005F0072006F006C006500730060000D000A000900410044004400200043004F004C0055004D004E002000600075007300650072005F00690064006000200049004E00540020004E0055004C004C002000460049005200530054002C000D000A0009004300480041004E0047004500200043004F004C0055004D004E002000600072006F006C00650060002000600072006F006C006500600020004D0045004400490055004D00540045005800540020004E004F00540020004E0055004C004C002000410046005400450052002000600075007300650072005F006900640060002C000D000A000900410044004400200043004F004E00530054005200410049004E0054002000600075007300650072005F00690064006000200046004F0052004500490047004E0020004B004500590020002800600075007300650072005F00690064006000290020005200450046004500520045004E00430045005300200060007500730065007200600020002800600069006400600029003B000D000A00530045004C0045004300540020006000440045004600410055004C0054005F0043004F004C004C004100540049004F004E005F004E0041004D00450060002000460052004F004D002000600069006E0066006F0072006D006100740069006F006E005F0073006300680065006D00610060002E00600053004300480045004D0041005400410060002000570048004500520045002000600053004300480045004D0041005F004E0041004D00450060003D00270062006C006F007100710027003B000D000A00530048004F00570020005400410042004C00450020005300540041005400550053002000460052004F004D002000600062006C006F007100710060003B000D000A00530048004F0057002000460055004E004300540049004F004E002000530054004100540055005300200057004800450052004500200060004400620060003D00270062006C006F007100710027003B000D000A00530048004F0057002000500052004F004300450044005500520045002000530054004100540055005300200057004800450052004500200060004400620060003D00270062006C006F007100710027003B000D000A00530048004F0057002000540052004900470047004500520053002000460052004F004D002000600062006C006F007100710060003B000D000A00530045004C0045004300540020002A002C0020004500560045004E0054005F0053004300480045004D004100200041005300200060004400620060002C0020004500560045004E0054005F004E0041004D004500200041005300200060004E0061006D00650060002000460052004F004D00200069006E0066006F0072006D006100740069006F006E005F0073006300680065006D0061002E0060004500560045004E00540053006000200057004800450052004500200060004500560045004E0054005F0053004300480045004D00410060003D00270062006C006F007100710027003B000D000A00530048004F005700200043005200450041005400450020005400410042004C0045002000600062006C006F007100710060002E00600075007300650072005F0072006F006C006500730060003B000D000A002F002A00200041006B00740069007600690065007200650020005300690074007A0075006E0067002000220055006E006E0061006D0065006400220020002A002F000D000A00530048004F005700200043005200450041005400450020005400410042004C0045002000600062006C006F007100710060002E00600075007300650072005F0072006F006C006500730060003B000D000A00530048004F005700200043005200450041005400450020005400410042004C0045002000600062006C006F007100710060002E006000750073006500720060003B000D000A00530045004C004500430054002000200060006900640060002C0020002000600075007300650072005F006E0061006D00650060002C00200020006000700061007300730077006F007200640060002C002000200060006300720065006100740069006F006E005F00640061007400650060002C00200020004C0045004600540028006000700069006300740075007200650060002C00200032003500360029002C0020002000600065006E00610062006C006500640060002000460052004F004D002000600062006C006F007100710060002E0060007500730065007200600020004C0049004D0049005400200031003000300030003B000D000A00530048004F005700200043005200450041005400450020005400410042004C0045002000600062006C006F007100710060002E006000750073006500720060003B000D000A0049004E005300450052005400200049004E0054004F002000600062006C006F007100710060002E0060007500730065007200600020002800600075007300650072005F006E0061006D00650060002C0020006000700061007300730077006F007200640060002C00200060006300720065006100740069006F006E005F006400610074006500600029002000560041004C00550045005300200028002700440065006C0075007800650042006F0079003900380027002C002000270061007900790027002C002000270032003000310038002D00300034002D00300033002000310033003A00310034003A0035003100270029003B000D000A00530045004C0045004300540020004C004100530054005F0049004E0053004500520054005F0049004400280029003B000D000A00530045004C00450043005400200060006900640060002C002000600075007300650072005F006E0061006D00650060002C0020006000700061007300730077006F007200640060002C00200060006300720065006100740069006F006E005F00640061007400650060002C0020006000700069006300740075007200650060002C002000600065006E00610062006C006500640060002000460052004F004D002000600062006C006F007100710060002E006000750073006500720060002000570048004500520045002000200060006900640060003D00320037003B000D000A00530048004F005700200043005200450041005400450020005400410042004C0045002000600062006C006F007100710060002E00600075007300650072005F0072006F006C006500730060003B000D000A00530045004C0045004300540020002A002000460052004F004D002000600062006C006F007100710060002E00600075007300650072005F0072006F006C0065007300600020004C0049004D0049005400200031003000300030003B000D000A00530048004F005700200043005200450041005400450020005400410042004C0045002000600062006C006F007100710060002E00600075007300650072005F0072006F006C006500730060003B000D000A00530048004F005700200043005200450041005400450020005400410042004C0045002000600062006C006F007100710060002E006000750073006500720060003B000D000A00530045004C004500430054002000200060006900640060002C0020002000600075007300650072005F006E0061006D00650060002C00200020006000700061007300730077006F007200640060002C002000200060006300720065006100740069006F006E005F00640061007400650060002C00200020004C0045004600540028006000700069006300740075007200650060002C00200032003500360029002C0020002000600065006E00610062006C006500640060002000460052004F004D002000600062006C006F007100710060002E0060007500730065007200600020004C0049004D0049005400200031003000300030003B000D000A00530048004F005700200043005200450041005400450020005400410042004C0045002000600062006C006F007100710060002E006000750073006500720060003B000D000A00530048004F005700200043005200450041005400450020005400410042004C0045002000600062006C006F007100710060002E00600075007300650072005F0072006F006C006500730060003B000D000A00530045004C0045004300540020002A002000460052004F004D002000600062006C006F007100710060002E00600075007300650072005F0072006F006C0065007300600020004C0049004D0049005400200031003000300030003B000D000A00530048004F005700200043005200450041005400450020005400410042004C0045002000600062006C006F007100710060002E00600075007300650072005F0072006F006C006500730060003B000D000A00530048004F005700200043005200450041005400450020005400410042004C00450020006000750073006500720060003B000D000A00530045004C00450043005400200060006900640060002C0020004C004500460054002800600075007300650072005F006E0061006D00650060002C00200032003500360029002000460052004F004D0020006000750073006500720060002000470052004F00550050002000420059002000600069006400600020004F0052004400450052002000420059002000600075007300650072005F006E0061006D006500600020004C0049004D0049005400200031003000300030003B000D000A0049004E005300450052005400200049004E0054004F002000600062006C006F007100710060002E00600075007300650072005F0072006F006C0065007300600020002800600075007300650072005F006900640060002C002000600072006F006C006500600029002000560041004C005500450053002000280027003200370027002C002000270052004F004C0045005F0055005300450052005C0072005C006E00270029003B000D000A00530045004C004500430054002000600075007300650072005F006900640060002C002000600072006F006C00650060002000460052004F004D002000600062006C006F007100710060002E00600075007300650072005F0072006F006C0065007300600020005700480045005200450020002000600075007300650072005F006900640060003D0032003700200041004E0044002000600072006F006C00650060003D00270052004F004C0045005F0055005300450052005C0072005C006E00270020004C0049004D0049005400200031003B000D000A00530048004F005700200043005200450041005400450020005400410042004C0045002000600062006C006F007100710060002E006000750073006500720060003B000D000A00530045004C004500430054002000200060006900640060002C0020002000600075007300650072005F006E0061006D00650060002C00200020006000700061007300730077006F007200640060002C002000200060006300720065006100740069006F006E005F00640061007400650060002C00200020004C0045004600540028006000700069006300740075007200650060002C00200032003500360029002C0020002000600065006E00610062006C006500640060002000460052004F004D002000600062006C006F007100710060002E0060007500730065007200600020004C0049004D0049005400200031003000300030003B000D000A00530048004F005700200043005200450041005400450020005400410042004C0045002000600062006C006F007100710060002E006000750073006500720060003B000D000A00530048004F005700200043005200450041005400450020005400410042004C0045002000600062006C006F007100710060002E00600075007300650072005F0072006F006C006500730060003B000D000A00530045004C0045004300540020002A002000460052004F004D002000600062006C006F007100710060002E00600075007300650072005F0072006F006C0065007300600020004C0049004D0049005400200031003000300030003B000D000A00530048004F005700200043005200450041005400450020005400410042004C0045002000600062006C006F007100710060002E00600075007300650072005F0072006F006C006500730060003B000D000A00530048004F005700200043005200450041005400450020005400410042004C00450020006000750073006500720060003B000D000A00530045004C00450043005400200060006900640060002C0020004C004500460054002800600075007300650072005F006E0061006D00650060002C00200032003500360029002000460052004F004D0020006000750073006500720060002000470052004F00550050002000420059002000600069006400600020004F0052004400450052002000420059002000600075007300650072005F006E0061006D006500600020004C0049004D0049005400200031003000300030003B000D000A0049004E005300450052005400200049004E0054004F002000600062006C006F007100710060002E00600075007300650072005F0072006F006C0065007300600020002800600075007300650072005F006900640060002C002000600072006F006C006500600029002000560041004C005500450053002000280027003200360027002C002000270052004F004C0045005F005500530045005200270029003B000D000A00530045004C004500430054002000600075007300650072005F006900640060002C002000600072006F006C00650060002000460052004F004D002000600062006C006F007100710060002E00600075007300650072005F0072006F006C0065007300600020005700480045005200450020002000600075007300650072005F006900640060003D0032003600200041004E0044002000600072006F006C00650060003D00270052004F004C0045005F005500530045005200270020004C0049004D0049005400200031003B000D000A00530045004C0045004300540020002A002000460052004F004D002000600062006C006F007100710060002E00600075007300650072005F0072006F006C0065007300600020004F0052004400450052002000420059002000600075007300650072005F00690064006000200041005300430020004C0049004D0049005400200031003000300030003B000D000A00530048004F005700200043005200450041005400450020005400410042004C0045002000600062006C006F007100710060002E00600075007300650072005F0072006F006C006500730060003B000D000A00530045004C0045004300540020002A002000460052004F004D002000600062006C006F007100710060002E00600075007300650072005F0072006F006C0065007300600020004F0052004400450052002000420059002000600075007300650072005F006900640060002000440045005300430020004C0049004D0049005400200031003000300030003B000D000A00530048004F005700200043005200450041005400450020005400410042004C0045002000600062006C006F007100710060002E00600075007300650072005F0072006F006C006500730060003B000D000A0041004C0054004500520020005400410042004C0045002000600075007300650072005F0072006F006C006500730060000D000A0009004300480041004E0047004500200043004F004C0055004D004E002000600075007300650072005F006900640060002000600075007300650072005F00690064006000200049004E005400280031003100290020004E004F00540020004E0055004C004C002000440045004600410055004C00540020004E0055004C004C002000460049005200530054002C000D000A00090041004400440020005000520049004D0041005200590020004B004500590020002800600075007300650072005F0069006400600029003B000D000A002F002A002000530051004C0020004600650068006C006500720020002800310030003600370029003A00200049006E00760061006C00690064002000640065006600610075006C0074002000760061006C0075006500200066006F0072002000270075007300650072005F0069006400270020002A002F000D000A0041004C0054004500520020005400410042004C0045002000600075007300650072005F0072006F006C006500730060000D000A00090041004C005400450052002000600075007300650072005F006900640060002000440052004F0050002000440045004600410055004C0054003B000D000A0041004C0054004500520020005400410042004C0045002000600075007300650072005F0072006F006C006500730060000D000A0009004300480041004E0047004500200043004F004C0055004D004E002000600075007300650072005F006900640060002000600075007300650072005F00690064006000200049004E005400280031003100290020004E004F00540020004E0055004C004C002000460049005200530054002C000D000A00090041004400440020005000520049004D0041005200590020004B004500590020002800600075007300650072005F0069006400600029003B000D000A00530045004C0045004300540020006000440045004600410055004C0054005F0043004F004C004C004100540049004F004E005F004E0041004D00450060002000460052004F004D002000600069006E0066006F0072006D006100740069006F006E005F0073006300680065006D00610060002E00600053004300480045004D0041005400410060002000570048004500520045002000600053004300480045004D0041005F004E0041004D00450060003D00270062006C006F007100710027003B000D000A00530048004F00570020005400410042004C00450020005300540041005400550053002000460052004F004D002000600062006C006F007100710060003B000D000A00530048004F0057002000460055004E004300540049004F004E002000530054004100540055005300200057004800450052004500200060004400620060003D00270062006C006F007100710027003B000D000A00530048004F0057002000500052004F004300450044005500520045002000530054004100540055005300200057004800450052004500200060004400620060003D00270062006C006F007100710027003B000D000A00530048004F0057002000540052004900470047004500520053002000460052004F004D002000600062006C006F007100710060003B000D000A00530045004C0045004300540020002A002C0020004500560045004E0054005F0053004300480045004D004100200041005300200060004400620060002C0020004500560045004E0054005F004E0041004D004500200041005300200060004E0061006D00650060002000460052004F004D00200069006E0066006F0072006D006100740069006F006E005F0073006300680065006D0061002E0060004500560045004E00540053006000200057004800450052004500200060004500560045004E0054005F0053004300480045004D00410060003D00270062006C006F007100710027003B000D000A00530048004F005700200043005200450041005400450020005400410042004C0045002000600062006C006F007100710060002E00600075007300650072005F0072006F006C006500730060003B000D000A002F002A00200041006B00740069007600690065007200650020005300690074007A0075006E0067002000220055006E006E0061006D0065006400220020002A002F000D000A00530048004F005700200043005200450041005400450020005400410042004C0045002000600062006C006F007100710060002E00600075007300650072005F0072006F006C006500730060003B000D000A00530048004F005700200043005200450041005400450020005400410042004C0045002000600062006C006F007100710060002E006000750073006500720060003B000D000A00530045004C004500430054002000200060006900640060002C0020002000600075007300650072005F006E0061006D00650060002C00200020006000700061007300730077006F007200640060002C002000200060006300720065006100740069006F006E005F00640061007400650060002C00200020004C0045004600540028006000700069006300740075007200650060002C00200032003500360029002C0020002000600065006E00610062006C006500640060002000460052004F004D002000600062006C006F007100710060002E0060007500730065007200600020004C0049004D0049005400200031003000300030003B000D000A00530048004F005700200043005200450041005400450020005400410042004C0045002000600062006C006F007100710060002E006000750073006500720060003B000D000A00530045004C004500430054002000200060006900640060002C0020002000600075007300650072005F006E0061006D00650060002C00200020006000700061007300730077006F007200640060002C002000200060006300720065006100740069006F006E005F00640061007400650060002C00200020004C0045004600540028006000700069006300740075007200650060002C00200032003500360029002C0020002000600065006E00610062006C006500640060002000460052004F004D002000600062006C006F007100710060002E0060007500730065007200600020004C0049004D0049005400200031003000300030003B000D000A00530048004F005700200043005200450041005400450020005400410042004C0045002000600062006C006F007100710060002E006000750073006500720060003B000D000A00530045004C004500430054002000200060006900640060002C0020002000600075007300650072005F006E0061006D00650060002C00200020006000700061007300730077006F007200640060002C002000200060006300720065006100740069006F006E005F00640061007400650060002C00200020004C0045004600540028006000700069006300740075007200650060002C00200032003500360029002C0020002000600065006E00610062006C006500640060002000460052004F004D002000600062006C006F007100710060002E0060007500730065007200600020004C0049004D0049005400200031003000300030003B000D000A00530048004F005700200043005200450041005400450020005400410042004C0045002000600062006C006F007100710060002E006000750073006500720060003B000D000A00530045004C004500430054002000200060006900640060002C0020002000600075007300650072005F006E0061006D00650060002C00200020006000700061007300730077006F007200640060002C002000200060006300720065006100740069006F006E005F00640061007400650060002C00200020004C0045004600540028006000700069006300740075007200650060002C00200032003500360029002C0020002000600065006E00610062006C006500640060002000460052004F004D002000600062006C006F007100710060002E0060007500730065007200600020004C0049004D0049005400200031003000300030003B000D000A00530048004F005700200043005200450041005400450020005400410042004C0045002000600062006C006F007100710060002E006000750073006500720060003B000D000A005500500044004100540045002000600062006C006F007100710060002E00600075007300650072006000200053004500540020006000700061007300730077006F007200640060003D00270073006E0075006700670027002000570048004500520045002000200060006900640060003D00330036003B000D000A00530045004C00450043005400200060006900640060002C002000600075007300650072005F006E0061006D00650060002C0020006000700061007300730077006F007200640060002C00200060006300720065006100740069006F006E005F00640061007400650060002C0020006000700069006300740075007200650060002C002000600065006E00610062006C006500640060002000460052004F004D002000600062006C006F007100710060002E006000750073006500720060002000570048004500520045002000200060006900640060003D00330036003B000D000A00440045004C004500540045002000460052004F004D002000600062006C006F007100710060002E006000750073006500720060002000570048004500520045002000200060006900640060003D00320033003B000D000A00440045004C004500540045002000460052004F004D002000600062006C006F007100710060002E006000750073006500720060002000570048004500520045002000200060006900640060003D00320034003B000D000A00440045004C004500540045002000460052004F004D002000600062006C006F007100710060002E006000750073006500720060002000570048004500520045002000200060006900640060003D00320035003B000D000A00440045004C004500540045002000460052004F004D002000600062006C006F007100710060002E006000750073006500720060002000570048004500520045002000200060006900640060003D00320036003B000D000A002F002A002000530051004C0020004600650068006C006500720020002800310034003500310029003A002000430061006E006E006F0074002000640065006C0065007400650020006F007200200075007000640061007400650020006100200070006100720065006E007400200072006F0077003A0020006100200066006F0072006500690067006E0020006B0065007900200063006F006E00730074007200610069006E00740020006600610069006C00730020002800600062006C006F007100710060002E00600075007300650072005F0072006F006C006500730060002C00200043004F004E00530054005200410049004E0054002000600075007300650072005F00690064006000200046004F0052004500490047004E0020004B004500590020002800600075007300650072005F00690064006000290020005200450046004500520045004E0043004500530020006000750073006500720060002000280060006900640060002900290020002A002F000D000A00530048004F005700200043005200450041005400450020005400410042004C0045002000600062006C006F007100710060002E00600075007300650072005F0072006F006C006500730060003B000D000A00530045004C0045004300540020002000600075007300650072005F006900640060002C00200020004C004500460054002800600072006F006C00650060002C00200032003500360029002000460052004F004D002000600062006C006F007100710060002E00600075007300650072005F0072006F006C0065007300600020004F0052004400450052002000420059002000600075007300650072005F006900640060002000440045005300430020004C0049004D0049005400200031003000300030003B000D000A00530048004F005700200043005200450041005400450020005400410042004C0045002000600062006C006F007100710060002E00600075007300650072005F0072006F006C006500730060003B000D000A00440045004C004500540045002000460052004F004D002000600062006C006F007100710060002E00600075007300650072005F0072006F006C0065007300600020005700480045005200450020002000600075007300650072005F006900640060003D00320037003B000D000A00440045004C004500540045002000460052004F004D002000600062006C006F007100710060002E00600075007300650072005F0072006F006C0065007300600020005700480045005200450020002000600075007300650072005F006900640060003D00320036003B000D000A00530048004F005700200043005200450041005400450020005400410042004C0045002000600062006C006F007100710060002E006000750073006500720060003B000D000A00530045004C004500430054002000200060006900640060002C0020002000600075007300650072005F006E0061006D00650060002C00200020006000700061007300730077006F007200640060002C002000200060006300720065006100740069006F006E005F00640061007400650060002C00200020004C0045004600540028006000700069006300740075007200650060002C00200032003500360029002C0020002000600065006E00610062006C006500640060002000460052004F004D002000600062006C006F007100710060002E0060007500730065007200600020004C0049004D0049005400200031003000300030003B000D000A00530048004F005700200043005200450041005400450020005400410042004C0045002000600062006C006F007100710060002E006000750073006500720060003B000D000A00440045004C004500540045002000460052004F004D002000600062006C006F007100710060002E006000750073006500720060002000570048004500520045002000200060006900640060003D00320036003B000D000A00440045004C004500540045002000460052004F004D002000600062006C006F007100710060002E006000750073006500720060002000570048004500520045002000200060006900640060003D00320037003B000D000A00440045004C004500540045002000460052004F004D002000600062006C006F007100710060002E006000750073006500720060002000570048004500520045002000200060006900640060003D00320038003B000D000A00440045004C004500540045002000460052004F004D002000600062006C006F007100710060002E006000750073006500720060002000570048004500520045002000200060006900640060003D00320039003B000D000A00440045004C004500540045002000460052004F004D002000600062006C006F007100710060002E006000750073006500720060002000570048004500520045002000200060006900640060003D00330030003B000D000A00440045004C004500540045002000460052004F004D002000600062006C006F007100710060002E006000750073006500720060002000570048004500520045002000200060006900640060003D00330031003B000D000A00440045004C004500540045002000460052004F004D002000600062006C006F007100710060002E006000750073006500720060002000570048004500520045002000200060006900640060003D00330032003B000D000A00440045004C004500540045002000460052004F004D002000600062006C006F007100710060002E006000750073006500720060002000570048004500520045002000200060006900640060003D00330033003B000D000A00440045004C004500540045002000460052004F004D002000600062006C006F007100710060002E006000750073006500720060002000570048004500520045002000200060006900640060003D00330034003B000D000A00440045004C004500540045002000460052004F004D002000600062006C006F007100710060002E006000750073006500720060002000570048004500520045002000200060006900640060003D00330035003B000D000A00440045004C004500540045002000460052004F004D002000600062006C006F007100710060002E006000750073006500720060002000570048004500520045002000200060006900640060003D00330036003B000D000A005500500044004100540045002000600062006C006F007100710060002E0060007500730065007200600020005300450054002000600075007300650072005F006E0061006D00650060003D00270075007300300072004E0061006D00650027002C0020006000700061007300730077006F007200640060003D002700740065007300740027002000570048004500520045002000200060006900640060003D00320032003B000D000A00530045004C00450043005400200060006900640060002C002000600075007300650072005F006E0061006D00650060002C0020006000700061007300730077006F007200640060002C00200060006300720065006100740069006F006E005F00640061007400650060002C0020006000700069006300740075007200650060002C002000600065006E00610062006C006500640060002000460052004F004D002000600062006C006F007100710060002E006000750073006500720060002000570048004500520045002000200060006900640060003D00320032003B000D000A005500500044004100540045002000600062006C006F007100710060002E0060007500730065007200600020005300450054002000600075007300650072005F006E0061006D00650060003D00270066007200650073006800650072005F00640075006400650027002000570048004500520045002000200060006900640060003D00320032003B000D000A00530045004C00450043005400200060006900640060002C002000600075007300650072005F006E0061006D00650060002C0020006000700061007300730077006F007200640060002C00200060006300720065006100740069006F006E005F00640061007400650060002C0020006000700069006300740075007200650060002C002000600065006E00610062006C006500640060002000460052004F004D002000600062006C006F007100710060002E006000750073006500720060002000570048004500520045002000200060006900640060003D00320032003B000D000A005500500044004100540045002000600062006C006F007100710060002E0060007500730065007200600020005300450054002000600075007300650072005F006E0061006D00650060003D00270066007200650073006800650072005F0064007500640065003600390027002000570048004500520045002000200060006900640060003D00320032003B000D000A00530045004C00450043005400200060006900640060002C002000600075007300650072005F006E0061006D00650060002C0020006000700061007300730077006F007200640060002C00200060006300720065006100740069006F006E005F00640061007400650060002C0020006000700069006300740075007200650060002C002000600065006E00610062006C006500640060002000460052004F004D002000600062006C006F007100710060002E006000750073006500720060002000570048004500520045002000200060006900640060003D00320032003B000D000A00530045004C004500430054002000200060006900640060002C0020002000600075007300650072005F006E0061006D00650060002C00200020006000700061007300730077006F007200640060002C002000200060006300720065006100740069006F006E005F00640061007400650060002C00200020004C0045004600540028006000700069006300740075007200650060002C00200032003500360029002C0020002000600065006E00610062006C006500640060002000460052004F004D002000600062006C006F007100710060002E0060007500730065007200600020004C0049004D0049005400200031003000300030003B000D000A00530048004F005700200043005200450041005400450020005400410042004C0045002000600062006C006F007100710060002E006000750073006500720060003B000D000A00530045004C004500430054002000200060006900640060002C0020002000600075007300650072005F006E0061006D00650060002C00200020006000700061007300730077006F007200640060002C002000200060006300720065006100740069006F006E005F00640061007400650060002C00200020004C0045004600540028006000700069006300740075007200650060002C00200032003500360029002C0020002000600065006E00610062006C006500640060002000460052004F004D002000600062006C006F007100710060002E0060007500730065007200600020004C0049004D0049005400200031003000300030003B000D000A00530048004F005700200043005200450041005400450020005400410042004C0045002000600062006C006F007100710060002E006000750073006500720060003B000D000A00530045004C004500430054002000200060006900640060002C0020002000600075007300650072005F006E0061006D00650060002C00200020006000700061007300730077006F007200640060002C002000200060006300720065006100740069006F006E005F00640061007400650060002C00200020004C0045004600540028006000700069006300740075007200650060002C00200032003500360029002C0020002000600065006E00610062006C006500640060002000460052004F004D002000600062006C006F007100710060002E0060007500730065007200600020004C0049004D0049005400200031003000300030003B000D000A00530048004F005700200043005200450041005400450020005400410042004C0045002000600062006C006F007100710060002E006000750073006500720060003B000D000A00530045004C004500430054002000200060006900640060002C0020002000600075007300650072005F006E0061006D00650060002C00200020006000700061007300730077006F007200640060002C002000200060006300720065006100740069006F006E005F00640061007400650060002C00200020004C0045004600540028006000700069006300740075007200650060002C00200032003500360029002C0020002000600065006E00610062006C006500640060002000460052004F004D002000600062006C006F007100710060002E0060007500730065007200600020004C0049004D0049005400200031003000300030003B000D000A00530048004F005700200043005200450041005400450020005400410042004C0045002000600062006C006F007100710060002E006000750073006500720060003B000D000A00530045004C004500430054002000200060006900640060002C0020002000600075007300650072005F006E0061006D00650060002C00200020006000700061007300730077006F007200640060002C002000200060006300720065006100740069006F006E005F00640061007400650060002C00200020004C0045004600540028006000700069006300740075007200650060002C00200032003500360029002C0020002000600065006E00610062006C006500640060002000460052004F004D002000600062006C006F007100710060002E0060007500730065007200600020004C0049004D0049005400200031003000300030003B000D000A00530048004F005700200043005200450041005400450020005400410042004C0045002000600062006C006F007100710060002E006000750073006500720060003B000D000A005500500044004100540045002000600062006C006F007100710060002E0060007500730065007200600020005300450054002000600075007300650072005F006E0061006D00650060003D002700660072006500730068006500720044007500640065003600390027002000570048004500520045002000200060006900640060003D00320032003B000D000A00530045004C00450043005400200060006900640060002C002000600075007300650072005F006E0061006D00650060002C0020006000700061007300730077006F007200640060002C00200060006300720065006100740069006F006E005F00640061007400650060002C0020006000700069006300740075007200650060002C002000600065006E00610062006C006500640060002000460052004F004D002000600062006C006F007100710060002E006000750073006500720060002000570048004500520045002000200060006900640060003D00320032003B000D000A005500500044004100540045002000600062006C006F007100710060002E0060007500730065007200600020005300450054002000600075007300650072005F006E0061006D00650060003D002700660072006500730068006500720042006F00690027002000570048004500520045002000200060006900640060003D00330037003B000D000A00530045004C00450043005400200060006900640060002C002000600075007300650072005F006E0061006D00650060002C0020006000700061007300730077006F007200640060002C00200060006300720065006100740069006F006E005F00640061007400650060002C0020006000700069006300740075007200650060002C002000600065006E00610062006C006500640060002000460052004F004D002000600062006C006F007100710060002E006000750073006500720060002000570048004500520045002000200060006900640060003D00330037003B000D000A00440045004C004500540045002000460052004F004D002000600062006C006F007100710060002E006000750073006500720060002000570048004500520045002000200060006900640060003D00330037003B000D000A00530048004F005700200043005200450041005400450020005400410042004C0045002000600062006C006F007100710060002E00600075007300650072005F0072006F006C006500730060003B000D000A00530045004C0045004300540020002000600075007300650072005F006900640060002C00200020004C004500460054002800600072006F006C00650060002C00200032003500360029002000460052004F004D002000600062006C006F007100710060002E00600075007300650072005F0072006F006C0065007300600020004F0052004400450052002000420059002000600075007300650072005F006900640060002000440045005300430020004C0049004D0049005400200031003000300030003B000D000A00530048004F005700200043005200450041005400450020005400410042004C0045002000600062006C006F007100710060002E00600075007300650072005F0072006F006C006500730060003B000D000A00530045004C0045004300540020002000600075007300650072005F006900640060002C00200020004C004500460054002800600072006F006C00650060002C00200032003500360029002000460052004F004D002000600062006C006F007100710060002E00600075007300650072005F0072006F006C0065007300600020004C0049004D0049005400200031003000300030003B000D000A00530048004F005700200043005200450041005400450020005400410042004C0045002000600062006C006F007100710060002E00600075007300650072005F0072006F006C006500730060003B000D000A00530045004C0045004300540020002000600075007300650072005F006900640060002C00200020004C004500460054002800600072006F006C00650060002C00200032003500360029002000460052004F004D002000600062006C006F007100710060002E00600075007300650072005F0072006F006C0065007300600020004F0052004400450052002000420059002000600075007300650072005F00690064006000200041005300430020004C0049004D0049005400200031003000300030003B000D000A00530048004F005700200043005200450041005400450020005400410042004C0045002000600062006C006F007100710060002E00600075007300650072005F0072006F006C006500730060003B000D000A00530048004F005700200043005200450041005400450020005400410042004C0045002000600062006C006F007100710060002E006000750073006500720060003B000D000A00530045004C004500430054002000200060006900640060002C0020002000600075007300650072005F006E0061006D00650060002C00200020006000700061007300730077006F007200640060002C002000200060006300720065006100740069006F006E005F00640061007400650060002C00200020004C0045004600540028006000700069006300740075007200650060002C00200032003500360029002C0020002000600065006E00610062006C006500640060002000460052004F004D002000600062006C006F007100710060002E0060007500730065007200600020004C0049004D0049005400200031003000300030003B000D000A00530048004F005700200043005200450041005400450020005400410042004C0045002000600062006C006F007100710060002E006000750073006500720060003B000D000A00530048004F005700200043005200450041005400450020005400410042004C0045002000600062006C006F007100710060002E00600075007300650072005F0072006F006C006500730060003B000D000A00530045004C0045004300540020002000600075007300650072005F006900640060002C00200020004C004500460054002800600072006F006C00650060002C00200032003500360029002000460052004F004D002000600062006C006F007100710060002E00600075007300650072005F0072006F006C0065007300600020004F0052004400450052002000420059002000600075007300650072005F00690064006000200041005300430020004C0049004D0049005400200031003000300030003B000D000A00530048004F005700200043005200450041005400450020005400410042004C0045002000600062006C006F007100710060002E00600075007300650072005F0072006F006C006500730060003B000D000A00530048004F005700200043005200450041005400450020005400410042004C00450020006000750073006500720060003B000D000A00530045004C00450043005400200060006900640060002C0020004C004500460054002800600075007300650072005F006E0061006D00650060002C00200032003500360029002000460052004F004D0020006000750073006500720060002000470052004F00550050002000420059002000600069006400600020004F0052004400450052002000420059002000600075007300650072005F006E0061006D006500600020004C0049004D0049005400200031003000300030003B000D000A0049004E005300450052005400200049004E0054004F002000600062006C006F007100710060002E00600075007300650072005F0072006F006C0065007300600020002800600075007300650072005F006900640060002C002000600072006F006C006500600029002000560041004C005500450053002000280027003200320027002C002000270052004F004C0045005F005500530045005200270029003B000D000A00530045004C004500430054002000600075007300650072005F006900640060002C002000600072006F006C00650060002000460052004F004D002000600062006C006F007100710060002E00600075007300650072005F0072006F006C0065007300600020005700480045005200450020002000600075007300650072005F006900640060003D00320032003B000D000A00530048004F005700200043005200450041005400450020005400410042004C0045002000600062006C006F007100710060002E006000750073006500720060003B000D000A00530045004C004500430054002000200060006900640060002C0020002000600075007300650072005F006E0061006D00650060002C00200020006000700061007300730077006F007200640060002C002000200060006300720065006100740069006F006E005F00640061007400650060002C00200020004C0045004600540028006000700069006300740075007200650060002C00200032003500360029002C0020002000600065006E00610062006C006500640060002000460052004F004D002000600062006C006F007100710060002E0060007500730065007200600020004C0049004D0049005400200031003000300030003B000D000A00530048004F005700200043005200450041005400450020005400410042004C0045002000600062006C006F007100710060002E006000750073006500720060003B000D000A005500500044004100540045002000600062006C006F007100710060002E0060007500730065007200600020005300450054002000600075007300650072005F006E0061006D00650060003D00270066007200650073006800650072005F0064007500640065003600390027002000570048004500520045002000200060006900640060003D00320032003B000D000A00530045004C00450043005400200060006900640060002C002000600075007300650072005F006E0061006D00650060002C0020006000700061007300730077006F007200640060002C00200060006300720065006100740069006F006E005F00640061007400650060002C0020006000700069006300740075007200650060002C002000600065006E00610062006C006500640060002000460052004F004D002000600062006C006F007100710060002E006000750073006500720060002000570048004500520045002000200060006900640060003D00320032003B0000006F0074002C002000620065006E00750074007A0065002000500061007300730077006F0063EFBFBD00000000000050EFBFBDEFBFBD000000000050EFBFBDEFBFBD00000000002F002A002000440065006C0069006D0069007400650072002000650069006E00670065007300740065006C006C007400200061007500660020003B0020002A002F000D000A002F002A002000560065007200620069006E00640075006E00670020007A00750020003100320037002E0030002E0030002E0031002000EFBFBD0062006500720020004D007900530051004C00200028005400430050002F004900500029002C002000420065006E00750074007A00650072006E0061006D006500200072006F006F0074002C002000620065006E00750074007A0065002000500061007300730077006F00720074003A00200059006500730020002E002E002E0020002A002F000D000A00530045004C00450043005400200043004F004E004E0045004300540049004F004E005F0049004400280029003B000D000A002F002A002000560065007200620075006E00640065006E002E002000500072006F007A006500730073002D00490044003A00200032003300350020002A002F000D000A002F002A0020005A00650069006300680065006E007300610074007A003A00200075007400660038006D006200340020002A002F000D000A00530048004F00570020005300540041005400550053003B000D000A00530048004F00570020005600410052004900410042004C00450053003B000D000A00530048004F00570020004400410054004100420041005300450053003B000D000A002F002A00200041006B00740069007600690065007200650020005300690074007A0075006E0067002000220055006E006E0061006D0065006400220020002A002F000D000A005500530045002000600062006C006F007100710060003B000D000A00530045004C0045004300540020006000440045004600410055004C0054005F0043004F004C004C004100540049004F004E005F004E0041004D00450060002000460052004F004D002000600069006E0066006F0072006D006100740069006F006E005F0073006300680065006D00610060002E00600053004300480045004D0041005400410060002000570048004500520045002000600053004300480045004D0041005F004E0041004D00450060003D00270062006C006F007100710027003B000D000A00530048004F00570020005400410042004C00450020005300540041005400550053002000460052004F004D002000600062006C006F007100710060003B000D000A00530048004F0057002000460055004E004300540049004F004E002000530054004100540055005300200057004800450052004500200060004400620060003D00270062006C006F007100710027003B0000, 1),
	(38, 'xXx_nOsc0pe_xXx', 'test', '2018-04-15 14:36:08', NULL, 1),
	(39, 'LiebeMaus97', 'test', '2018-04-18 13:53:32', NULL, 1),
	(40, 'mememastR', 'test', '2018-04-18 13:54:03', NULL, 1),
	(41, 'nutZzerNamE', 'test', '2018-04-18 13:54:27', NULL, 1);
/*!40000 ALTER TABLE `user` ENABLE KEYS */;

-- Exportiere Struktur von Tabelle bloqq_1504.user_roles
CREATE TABLE IF NOT EXISTS `user_roles` (
  `id` int(11) NOT NULL AUTO_INCREMENT,
  `role` varchar(255) DEFAULT NULL,
  `id_user` int(11) DEFAULT NULL,
  PRIMARY KEY (`id`),
  UNIQUE KEY `user_roles_id_uindex` (`id`),
  KEY `user_roles_user_id_fk` (`id_user`),
  CONSTRAINT `user_roles_user_id_fk` FOREIGN KEY (`id_user`) REFERENCES `user` (`id`)
) ENGINE=InnoDB AUTO_INCREMENT=7 DEFAULT CHARSET=latin1;

-- Exportiere Daten aus Tabelle bloqq_1504.user_roles: ~1 rows (ungefähr)
/*!40000 ALTER TABLE `user_roles` DISABLE KEYS */;
INSERT INTO `user_roles` (`id`, `role`, `id_user`) VALUES
	(1, 'ROLE_USER', 22),
	(2, 'ROLE_USER', 38),
	(3, 'ROLE_USER', 39),
	(4, 'ROLE_USER', 40),
	(5, 'ROLE_USER', 41),
	(6, 'ROLE_GUEST', -1);
/*!40000 ALTER TABLE `user_roles` ENABLE KEYS */;

/*!40101 SET SQL_MODE=IFNULL(@OLD_SQL_MODE, '') */;
/*!40014 SET FOREIGN_KEY_CHECKS=IF(@OLD_FOREIGN_KEY_CHECKS IS NULL, 1, @OLD_FOREIGN_KEY_CHECKS) */;
/*!40101 SET CHARACTER_SET_CLIENT=@OLD_CHARACTER_SET_CLIENT */;
